Var1,ROILabel,ROIName,R,A,S
Grey Matter,0,NA,0,0,0
White Matter,0,NA,0,0,0
CSF,0,NA,0,0,0
Schaefer2018_100Parcels_7Networks_order_FSLMNI152_2mm.cluster001,1,7Networks_LH_Vis_1,-26,-34,-18
Schaefer2018_100Parcels_7Networks_order_FSLMNI152_2mm.cluster002,2,7Networks_LH_Vis_2,-26,-76,-14
Schaefer2018_100Parcels_7Networks_order_FSLMNI152_2mm.cluster003,3,7Networks_LH_Vis_3,-18,-60,-6
Schaefer2018_100Parcels_7Networks_order_FSLMNI152_2mm.cluster004,4,7Networks_LH_Vis_4,-26,-96,-4
Schaefer2018_100Parcels_7Networks_order_FSLMNI152_2mm.cluster005,5,7Networks_LH_Vis_5,-6,-92,-2
Schaefer2018_100Parcels_7Networks_order_FSLMNI152_2mm.cluster006,6,7Networks_LH_Vis_6,-12,-66,6
Schaefer2018_100Parcels_7Networks_order_FSLMNI152_2mm.cluster007,7,7Networks_LH_Vis_7,-48,-70,10
Schaefer2018_100Parcels_7Networks_order_FSLMNI152_2mm.cluster008,8,7Networks_LH_Vis_8,-26,-88,20
Schaefer2018_100Parcels_7Networks_order_FSLMNI152_2mm.cluster009,9,7Networks_LH_Vis_9,-6,-82,26
Schaefer2018_100Parcels_7Networks_order_FSLMNI152_2mm.cluster010,10,7Networks_LH_SomMot_1,-54,-22,8
Schaefer2018_100Parcels_7Networks_order_FSLMNI152_2mm.cluster011,11,7Networks_LH_SomMot_2,-36,-22,16
Schaefer2018_100Parcels_7Networks_order_FSLMNI152_2mm.cluster012,12,7Networks_LH_SomMot_3,-54,-12,14
Schaefer2018_100Parcels_7Networks_order_FSLMNI152_2mm.cluster013,13,7Networks_LH_SomMot_4,-54,-8,34
Schaefer2018_100Parcels_7Networks_order_FSLMNI152_2mm.cluster014,14,7Networks_LH_SomMot_5,-40,-22,58
Schaefer2018_100Parcels_7Networks_order_FSLMNI152_2mm.cluster015,15,7Networks_LH_SomMot_6,-6,-28,70
Schaefer2018_100Parcels_7Networks_order_FSLMNI152_2mm.cluster016,16,7Networks_LH_DorsAttn_Post_1,-46,-58,-12
Schaefer2018_100Parcels_7Networks_order_FSLMNI152_2mm.cluster017,17,7Networks_LH_DorsAttn_Post_2,-58,-24,38
Schaefer2018_100Parcels_7Networks_order_FSLMNI152_2mm.cluster018,18,7Networks_LH_DorsAttn_Post_3,-24,-68,50
Schaefer2018_100Parcels_7Networks_order_FSLMNI152_2mm.cluster019,19,7Networks_LH_DorsAttn_Post_4,-42,-34,48
Schaefer2018_100Parcels_7Networks_order_FSLMNI152_2mm.cluster020,20,7Networks_LH_DorsAttn_Post_5,-6,-60,56
Schaefer2018_100Parcels_7Networks_order_FSLMNI152_2mm.cluster021,21,7Networks_LH_DorsAttn_Post_6,-22,-50,66
Schaefer2018_100Parcels_7Networks_order_FSLMNI152_2mm.cluster022,22,7Networks_LH_DorsAttn_PrCv_1,-48,6,28
Schaefer2018_100Parcels_7Networks_order_FSLMNI152_2mm.cluster023,23,7Networks_LH_DorsAttn_FEF_1,-26,-4,60
Schaefer2018_100Parcels_7Networks_order_FSLMNI152_2mm.cluster024,24,7Networks_LH_SalVentAttn_ParOper_1,-58,-38,30
Schaefer2018_100Parcels_7Networks_order_FSLMNI152_2mm.cluster025,25,7Networks_LH_SalVentAttn_FrOperIns_1,-42,-2,-6
Schaefer2018_100Parcels_7Networks_order_FSLMNI152_2mm.cluster026,26,7Networks_LH_SalVentAttn_FrOperIns_2,-38,12,6
Schaefer2018_100Parcels_7Networks_order_FSLMNI152_2mm.cluster027,27,7Networks_LH_SalVentAttn_PFCl_1,-30,44,30
Schaefer2018_100Parcels_7Networks_order_FSLMNI152_2mm.cluster028,28,7Networks_LH_SalVentAttn_Med_1,-6,20,34
Schaefer2018_100Parcels_7Networks_order_FSLMNI152_2mm.cluster029,29,7Networks_LH_SalVentAttn_Med_2,-12,-34,46
Schaefer2018_100Parcels_7Networks_order_FSLMNI152_2mm.cluster030,30,7Networks_LH_SalVentAttn_Med_3,-6,4,62
Schaefer2018_100Parcels_7Networks_order_FSLMNI152_2mm.cluster031,31,7Networks_LH_Limbic_OFC_1,-14,32,-20
Schaefer2018_100Parcels_7Networks_order_FSLMNI152_2mm.cluster032,32,7Networks_LH_Limbic_TempPole_1,-32,2,-38
Schaefer2018_100Parcels_7Networks_order_FSLMNI152_2mm.cluster033,33,7Networks_LH_Limbic_TempPole_2,-58,-32,-22
Schaefer2018_100Parcels_7Networks_order_FSLMNI152_2mm.cluster034,34,7Networks_LH_Cont_Par_1,-38,-52,46
Schaefer2018_100Parcels_7Networks_order_FSLMNI152_2mm.cluster035,35,7Networks_LH_Cont_PFCl_1,-44,32,20
Schaefer2018_100Parcels_7Networks_order_FSLMNI152_2mm.cluster036,36,7Networks_LH_Cont_pCun_1,-10,-74,38
Schaefer2018_100Parcels_7Networks_order_FSLMNI152_2mm.cluster037,37,7Networks_LH_Cont_Cing_1,-4,-26,34
Schaefer2018_100Parcels_7Networks_order_FSLMNI152_2mm.cluster038,38,7Networks_LH_Default_Temp_1,-56,-4,-20
Schaefer2018_100Parcels_7Networks_order_FSLMNI152_2mm.cluster039,39,7Networks_LH_Default_Temp_2,-58,-32,-2
Schaefer2018_100Parcels_7Networks_order_FSLMNI152_2mm.cluster040,40,7Networks_LH_Default_Par_1,-58,-50,12
Schaefer2018_100Parcels_7Networks_order_FSLMNI152_2mm.cluster041,41,7Networks_LH_Default_Par_2,-48,-64,36
Schaefer2018_100Parcels_7Networks_order_FSLMNI152_2mm.cluster042,42,7Networks_LH_Default_PFC_1,-34,22,-10
Schaefer2018_100Parcels_7Networks_order_FSLMNI152_2mm.cluster043,43,7Networks_LH_Default_PFC_2,-46,34,-4
Schaefer2018_100Parcels_7Networks_order_FSLMNI152_2mm.cluster044,44,7Networks_LH_Default_PFC_3,-6,46,0
Schaefer2018_100Parcels_7Networks_order_FSLMNI152_2mm.cluster045,45,7Networks_LH_Default_PFC_4,-24,60,-2
Schaefer2018_100Parcels_7Networks_order_FSLMNI152_2mm.cluster046,46,7Networks_LH_Default_PFC_5,-8,48,42
Schaefer2018_100Parcels_7Networks_order_FSLMNI152_2mm.cluster047,47,7Networks_LH_Default_PFC_6,-40,14,48
Schaefer2018_100Parcels_7Networks_order_FSLMNI152_2mm.cluster048,48,7Networks_LH_Default_PFC_7,-26,20,52
Schaefer2018_100Parcels_7Networks_order_FSLMNI152_2mm.cluster049,49,7Networks_LH_Default_pCunPCC_1,-12,-56,12
Schaefer2018_100Parcels_7Networks_order_FSLMNI152_2mm.cluster050,50,7Networks_LH_Default_pCunPCC_2,-6,-52,34
Schaefer2018_100Parcels_7Networks_order_FSLMNI152_2mm.cluster051,51,7Networks_RH_Vis_1,32,-32,-22
Schaefer2018_100Parcels_7Networks_order_FSLMNI152_2mm.cluster052,52,7Networks_RH_Vis_2,28,-66,-12
Schaefer2018_100Parcels_7Networks_order_FSLMNI152_2mm.cluster053,53,7Networks_RH_Vis_3,50,-60,-10
Schaefer2018_100Parcels_7Networks_order_FSLMNI152_2mm.cluster054,54,7Networks_RH_Vis_4,22,-96,-4
Schaefer2018_100Parcels_7Networks_order_FSLMNI152_2mm.cluster055,55,7Networks_RH_Vis_5,8,-76,6
Schaefer2018_100Parcels_7Networks_order_FSLMNI152_2mm.cluster056,56,7Networks_RH_Vis_6,18,-58,6
Schaefer2018_100Parcels_7Networks_order_FSLMNI152_2mm.cluster057,57,7Networks_RH_Vis_7,36,-82,16
Schaefer2018_100Parcels_7Networks_order_FSLMNI152_2mm.cluster058,58,7Networks_RH_Vis_8,12,-86,30
Schaefer2018_100Parcels_7Networks_order_FSLMNI152_2mm.cluster059,59,7Networks_RH_SomMot_1,52,-16,6
Schaefer2018_100Parcels_7Networks_order_FSLMNI152_2mm.cluster060,60,7Networks_RH_SomMot_2,40,-16,16
Schaefer2018_100Parcels_7Networks_order_FSLMNI152_2mm.cluster061,61,7Networks_RH_SomMot_3,56,-4,12
Schaefer2018_100Parcels_7Networks_order_FSLMNI152_2mm.cluster062,62,7Networks_RH_SomMot_4,58,-6,30
Schaefer2018_100Parcels_7Networks_order_FSLMNI152_2mm.cluster063,63,7Networks_RH_SomMot_5,46,-12,48
Schaefer2018_100Parcels_7Networks_order_FSLMNI152_2mm.cluster064,64,7Networks_RH_SomMot_6,40,-22,60
Schaefer2018_100Parcels_7Networks_order_FSLMNI152_2mm.cluster065,65,7Networks_RH_SomMot_7,30,-38,64
Schaefer2018_100Parcels_7Networks_order_FSLMNI152_2mm.cluster066,66,7Networks_RH_SomMot_8,6,-28,70
Schaefer2018_100Parcels_7Networks_order_FSLMNI152_2mm.cluster067,67,7Networks_RH_DorsAttn_Post_1,50,-62,16
Schaefer2018_100Parcels_7Networks_order_FSLMNI152_2mm.cluster068,68,7Networks_RH_DorsAttn_Post_2,50,-24,42
Schaefer2018_100Parcels_7Networks_order_FSLMNI152_2mm.cluster069,69,7Networks_RH_DorsAttn_Post_3,38,-46,50
Schaefer2018_100Parcels_7Networks_order_FSLMNI152_2mm.cluster070,70,7Networks_RH_DorsAttn_Post_4,26,-66,52
Schaefer2018_100Parcels_7Networks_order_FSLMNI152_2mm.cluster071,71,7Networks_RH_DorsAttn_Post_5,14,-52,66
Schaefer2018_100Parcels_7Networks_order_FSLMNI152_2mm.cluster072,72,7Networks_RH_DorsAttn_PrCv_1,48,10,26
Schaefer2018_100Parcels_7Networks_order_FSLMNI152_2mm.cluster073,73,7Networks_RH_DorsAttn_FEF_1,28,-2,60
Schaefer2018_100Parcels_7Networks_order_FSLMNI152_2mm.cluster074,74,7Networks_RH_SalVentAttn_TempOccPar_1,58,-42,12
Schaefer2018_100Parcels_7Networks_order_FSLMNI152_2mm.cluster075,75,7Networks_RH_SalVentAttn_TempOccPar_2,60,-26,28
Schaefer2018_100Parcels_7Networks_order_FSLMNI152_2mm.cluster076,76,7Networks_RH_SalVentAttn_FrOperIns_1,40,8,2
Schaefer2018_100Parcels_7Networks_order_FSLMNI152_2mm.cluster077,77,7Networks_RH_SalVentAttn_Med_1,12,-32,46
Schaefer2018_100Parcels_7Networks_order_FSLMNI152_2mm.cluster078,78,7Networks_RH_SalVentAttn_Med_2,8,6,52
Schaefer2018_100Parcels_7Networks_order_FSLMNI152_2mm.cluster079,79,7Networks_RH_Limbic_OFC_1,12,34,-20
Schaefer2018_100Parcels_7Networks_order_FSLMNI152_2mm.cluster080,80,7Networks_RH_Limbic_TempPole_1,38,0,-38
Schaefer2018_100Parcels_7Networks_order_FSLMNI152_2mm.cluster081,81,7Networks_RH_Cont_Par_1,58,-38,44
Schaefer2018_100Parcels_7Networks_order_FSLMNI152_2mm.cluster082,82,7Networks_RH_Cont_Par_2,46,-62,46
Schaefer2018_100Parcels_7Networks_order_FSLMNI152_2mm.cluster083,83,7Networks_RH_Cont_PFCl_1,30,58,-2
Schaefer2018_100Parcels_7Networks_order_FSLMNI152_2mm.cluster084,84,7Networks_RH_Cont_PFCl_2,46,38,16
Schaefer2018_100Parcels_7Networks_order_FSLMNI152_2mm.cluster085,85,7Networks_RH_Cont_PFCl_3,32,46,30
Schaefer2018_100Parcels_7Networks_order_FSLMNI152_2mm.cluster086,86,7Networks_RH_Cont_PFCl_4,44,16,44
Schaefer2018_100Parcels_7Networks_order_FSLMNI152_2mm.cluster087,87,7Networks_RH_Cont_Cing_1,6,-28,34
Schaefer2018_100Parcels_7Networks_order_FSLMNI152_2mm.cluster088,88,7Networks_RH_Cont_PFCmp_1,6,28,30
Schaefer2018_100Parcels_7Networks_order_FSLMNI152_2mm.cluster089,89,7Networks_RH_Cont_pCun_1,10,-66,42
Schaefer2018_100Parcels_7Networks_order_FSLMNI152_2mm.cluster090,90,7Networks_RH_Default_Par_1,54,-50,30
Schaefer2018_100Parcels_7Networks_order_FSLMNI152_2mm.cluster091,91,7Networks_RH_Default_Temp_1,62,-24,-18
Schaefer2018_100Parcels_7Networks_order_FSLMNI152_2mm.cluster092,92,7Networks_RH_Default_Temp_2,50,6,-18
Schaefer2018_100Parcels_7Networks_order_FSLMNI152_2mm.cluster093,93,7Networks_RH_Default_Temp_3,58,-26,-2
Schaefer2018_100Parcels_7Networks_order_FSLMNI152_2mm.cluster094,94,7Networks_RH_Default_PFCv_1,36,26,-16
Schaefer2018_100Parcels_7Networks_order_FSLMNI152_2mm.cluster095,95,7Networks_RH_Default_PFCv_2,50,28,0
Schaefer2018_100Parcels_7Networks_order_FSLMNI152_2mm.cluster096,96,7Networks_RH_Default_PFCdPFCm_1,6,48,0
Schaefer2018_100Parcels_7Networks_order_FSLMNI152_2mm.cluster097,97,7Networks_RH_Default_PFCdPFCm_2,12,50,40
Schaefer2018_100Parcels_7Networks_order_FSLMNI152_2mm.cluster098,98,7Networks_RH_Default_PFCdPFCm_3,26,24,50
Schaefer2018_100Parcels_7Networks_order_FSLMNI152_2mm.cluster099,99,7Networks_RH_Default_pCunPCC_1,12,-54,14
Schaefer2018_100Parcels_7Networks_order_FSLMNI152_2mm.cluster100,100,7Networks_RH_Default_pCunPCC_2,6,-52,30
Schaefer2018_400Parcels_7Networks_order_FSLMNI152_2mm.cluster001,1,7Networks_LH_Vis_1,-32,-42,-20
Schaefer2018_400Parcels_7Networks_order_FSLMNI152_2mm.cluster002,2,7Networks_LH_Vis_2,-30,-32,-18
Schaefer2018_400Parcels_7Networks_order_FSLMNI152_2mm.cluster003,3,7Networks_LH_Vis_3,-36,-62,-16
Schaefer2018_400Parcels_7Networks_order_FSLMNI152_2mm.cluster004,4,7Networks_LH_Vis_4,-24,-54,-8
Schaefer2018_400Parcels_7Networks_order_FSLMNI152_2mm.cluster005,5,7Networks_LH_Vis_5,-24,-72,-10
Schaefer2018_400Parcels_7Networks_order_FSLMNI152_2mm.cluster006,6,7Networks_LH_Vis_6,-36,-82,-16
Schaefer2018_400Parcels_7Networks_order_FSLMNI152_2mm.cluster007,7,7Networks_LH_Vis_7,-18,-38,-12
Schaefer2018_400Parcels_7Networks_order_FSLMNI152_2mm.cluster008,8,7Networks_LH_Vis_8,-46,-70,-8
Schaefer2018_400Parcels_7Networks_order_FSLMNI152_2mm.cluster009,9,7Networks_LH_Vis_9,-16,-86,-16
Schaefer2018_400Parcels_7Networks_order_FSLMNI152_2mm.cluster010,10,7Networks_LH_Vis_10,-12,-62,-4
Schaefer2018_400Parcels_7Networks_order_FSLMNI152_2mm.cluster011,11,7Networks_LH_Vis_11,-6,-76,-6
Schaefer2018_400Parcels_7Networks_order_FSLMNI152_2mm.cluster012,12,7Networks_LH_Vis_12,-24,-96,-12
Schaefer2018_400Parcels_7Networks_order_FSLMNI152_2mm.cluster013,13,7Networks_LH_Vis_13,-14,-44,-6
Schaefer2018_400Parcels_7Networks_order_FSLMNI152_2mm.cluster014,14,7Networks_LH_Vis_14,-42,-86,-4
Schaefer2018_400Parcels_7Networks_order_FSLMNI152_2mm.cluster015,15,7Networks_LH_Vis_15,-8,-98,-8
Schaefer2018_400Parcels_7Networks_order_FSLMNI152_2mm.cluster016,16,7Networks_LH_Vis_16,-14,-56,2
Schaefer2018_400Parcels_7Networks_order_FSLMNI152_2mm.cluster017,17,7Networks_LH_Vis_17,-46,-74,6
Schaefer2018_400Parcels_7Networks_order_FSLMNI152_2mm.cluster018,18,7Networks_LH_Vis_18,-4,-88,2
Schaefer2018_400Parcels_7Networks_order_FSLMNI152_2mm.cluster019,19,7Networks_LH_Vis_19,-24,-96,6
Schaefer2018_400Parcels_7Networks_order_FSLMNI152_2mm.cluster020,20,7Networks_LH_Vis_20,-14,-48,4
Schaefer2018_400Parcels_7Networks_order_FSLMNI152_2mm.cluster021,21,7Networks_LH_Vis_21,-8,-74,10
Schaefer2018_400Parcels_7Networks_order_FSLMNI152_2mm.cluster022,22,7Networks_LH_Vis_22,-18,-64,6
Schaefer2018_400Parcels_7Networks_order_FSLMNI152_2mm.cluster023,23,7Networks_LH_Vis_23,-40,-84,14
Schaefer2018_400Parcels_7Networks_order_FSLMNI152_2mm.cluster024,24,7Networks_LH_Vis_24,-10,-96,18
Schaefer2018_400Parcels_7Networks_order_FSLMNI152_2mm.cluster025,25,7Networks_LH_Vis_25,-2,-84,24
Schaefer2018_400Parcels_7Networks_order_FSLMNI152_2mm.cluster026,26,7Networks_LH_Vis_26,-12,-72,20
Schaefer2018_400Parcels_7Networks_order_FSLMNI152_2mm.cluster027,27,7Networks_LH_Vis_27,-26,-84,22
Schaefer2018_400Parcels_7Networks_order_FSLMNI152_2mm.cluster028,28,7Networks_LH_Vis_28,-32,-84,26
Schaefer2018_400Parcels_7Networks_order_FSLMNI152_2mm.cluster029,29,7Networks_LH_Vis_29,-16,-88,34
Schaefer2018_400Parcels_7Networks_order_FSLMNI152_2mm.cluster030,30,7Networks_LH_Vis_30,-12,-82,36
Schaefer2018_400Parcels_7Networks_order_FSLMNI152_2mm.cluster031,31,7Networks_LH_Vis_31,-22,-78,44
Schaefer2018_400Parcels_7Networks_order_FSLMNI152_2mm.cluster032,32,7Networks_LH_SomMot_1,-50,-10,0
Schaefer2018_400Parcels_7Networks_order_FSLMNI152_2mm.cluster033,33,7Networks_LH_SomMot_2,-56,-22,8
Schaefer2018_400Parcels_7Networks_order_FSLMNI152_2mm.cluster034,34,7Networks_LH_SomMot_3,-36,-24,10
Schaefer2018_400Parcels_7Networks_order_FSLMNI152_2mm.cluster035,35,7Networks_LH_SomMot_4,-38,-8,12
Schaefer2018_400Parcels_7Networks_order_FSLMNI152_2mm.cluster036,36,7Networks_LH_SomMot_5,-36,-26,18
Schaefer2018_400Parcels_7Networks_order_FSLMNI152_2mm.cluster037,37,7Networks_LH_SomMot_6,-58,-36,16
Schaefer2018_400Parcels_7Networks_order_FSLMNI152_2mm.cluster038,38,7Networks_LH_SomMot_7,-40,-36,14
Schaefer2018_400Parcels_7Networks_order_FSLMNI152_2mm.cluster039,39,7Networks_LH_SomMot_8,-48,-12,14
Schaefer2018_400Parcels_7Networks_order_FSLMNI152_2mm.cluster040,40,7Networks_LH_SomMot_9,-60,-2,10
Schaefer2018_400Parcels_7Networks_order_FSLMNI152_2mm.cluster041,41,7Networks_LH_SomMot_10,-48,-24,18
Schaefer2018_400Parcels_7Networks_order_FSLMNI152_2mm.cluster042,42,7Networks_LH_SomMot_11,-62,-18,20
Schaefer2018_400Parcels_7Networks_order_FSLMNI152_2mm.cluster043,43,7Networks_LH_SomMot_12,-60,-2,24
Schaefer2018_400Parcels_7Networks_order_FSLMNI152_2mm.cluster044,44,7Networks_LH_SomMot_13,-62,-10,32
Schaefer2018_400Parcels_7Networks_order_FSLMNI152_2mm.cluster045,45,7Networks_LH_SomMot_14,-54,-8,30
Schaefer2018_400Parcels_7Networks_order_FSLMNI152_2mm.cluster046,46,7Networks_LH_SomMot_15,-54,-20,40
Schaefer2018_400Parcels_7Networks_order_FSLMNI152_2mm.cluster047,47,7Networks_LH_SomMot_16,-52,-6,44
Schaefer2018_400Parcels_7Networks_order_FSLMNI152_2mm.cluster048,48,7Networks_LH_SomMot_17,-48,-16,40
Schaefer2018_400Parcels_7Networks_order_FSLMNI152_2mm.cluster049,49,7Networks_LH_SomMot_18,-8,-16,48
Schaefer2018_400Parcels_7Networks_order_FSLMNI152_2mm.cluster050,50,7Networks_LH_SomMot_19,-40,-14,48
Schaefer2018_400Parcels_7Networks_order_FSLMNI152_2mm.cluster051,51,7Networks_LH_SomMot_20,-48,-18,54
Schaefer2018_400Parcels_7Networks_order_FSLMNI152_2mm.cluster052,52,7Networks_LH_SomMot_21,-48,-30,58
Schaefer2018_400Parcels_7Networks_order_FSLMNI152_2mm.cluster053,53,7Networks_LH_SomMot_22,-38,-24,52
Schaefer2018_400Parcels_7Networks_order_FSLMNI152_2mm.cluster054,54,7Networks_LH_SomMot_23,-8,-38,54
Schaefer2018_400Parcels_7Networks_order_FSLMNI152_2mm.cluster055,55,7Networks_LH_SomMot_24,-4,-24,56
Schaefer2018_400Parcels_7Networks_order_FSLMNI152_2mm.cluster056,56,7Networks_LH_SomMot_25,-4,-8,60
Schaefer2018_400Parcels_7Networks_order_FSLMNI152_2mm.cluster057,57,7Networks_LH_SomMot_26,-36,-20,64
Schaefer2018_400Parcels_7Networks_order_FSLMNI152_2mm.cluster058,58,7Networks_LH_SomMot_27,-30,-46,62
Schaefer2018_400Parcels_7Networks_order_FSLMNI152_2mm.cluster059,59,7Networks_LH_SomMot_28,-32,-30,62
Schaefer2018_400Parcels_7Networks_order_FSLMNI152_2mm.cluster060,60,7Networks_LH_SomMot_29,-30,-38,66
Schaefer2018_400Parcels_7Networks_order_FSLMNI152_2mm.cluster061,61,7Networks_LH_SomMot_30,-24,-10,64
Schaefer2018_400Parcels_7Networks_order_FSLMNI152_2mm.cluster062,62,7Networks_LH_SomMot_31,-20,-24,66
Schaefer2018_400Parcels_7Networks_order_FSLMNI152_2mm.cluster063,63,7Networks_LH_SomMot_32,-8,-42,70
Schaefer2018_400Parcels_7Networks_order_FSLMNI152_2mm.cluster064,64,7Networks_LH_SomMot_33,-4,-26,68
Schaefer2018_400Parcels_7Networks_order_FSLMNI152_2mm.cluster065,65,7Networks_LH_SomMot_34,-14,-12,72
Schaefer2018_400Parcels_7Networks_order_FSLMNI152_2mm.cluster066,66,7Networks_LH_SomMot_35,-18,-32,68
Schaefer2018_400Parcels_7Networks_order_FSLMNI152_2mm.cluster067,67,7Networks_LH_SomMot_36,-18,-40,72
Schaefer2018_400Parcels_7Networks_order_FSLMNI152_2mm.cluster068,68,7Networks_LH_SomMot_37,-12,-26,74
Schaefer2018_400Parcels_7Networks_order_FSLMNI152_2mm.cluster069,69,7Networks_LH_DorsAttn_Post_1,-44,-42,-22
Schaefer2018_400Parcels_7Networks_order_FSLMNI152_2mm.cluster070,70,7Networks_LH_DorsAttn_Post_2,-48,-56,-16
Schaefer2018_400Parcels_7Networks_order_FSLMNI152_2mm.cluster071,71,7Networks_LH_DorsAttn_Post_3,-56,-62,0
Schaefer2018_400Parcels_7Networks_order_FSLMNI152_2mm.cluster072,72,7Networks_LH_DorsAttn_Post_4,-48,-66,16
Schaefer2018_400Parcels_7Networks_order_FSLMNI152_2mm.cluster073,73,7Networks_LH_DorsAttn_Post_5,-26,-70,30
Schaefer2018_400Parcels_7Networks_order_FSLMNI152_2mm.cluster074,74,7Networks_LH_DorsAttn_Post_6,-54,-32,44
Schaefer2018_400Parcels_7Networks_order_FSLMNI152_2mm.cluster075,75,7Networks_LH_DorsAttn_Post_7,-22,-66,46
Schaefer2018_400Parcels_7Networks_order_FSLMNI152_2mm.cluster076,76,7Networks_LH_DorsAttn_Post_8,-46,-30,44
Schaefer2018_400Parcels_7Networks_order_FSLMNI152_2mm.cluster077,77,7Networks_LH_DorsAttn_Post_9,-34,-46,40
Schaefer2018_400Parcels_7Networks_order_FSLMNI152_2mm.cluster078,78,7Networks_LH_DorsAttn_Post_10,-28,-58,50
Schaefer2018_400Parcels_7Networks_order_FSLMNI152_2mm.cluster079,79,7Networks_LH_DorsAttn_Post_11,-38,-38,50
Schaefer2018_400Parcels_7Networks_order_FSLMNI152_2mm.cluster080,80,7Networks_LH_DorsAttn_Post_12,-36,-52,56
Schaefer2018_400Parcels_7Networks_order_FSLMNI152_2mm.cluster081,81,7Networks_LH_DorsAttn_Post_13,-14,-70,58
Schaefer2018_400Parcels_7Networks_order_FSLMNI152_2mm.cluster082,82,7Networks_LH_DorsAttn_Post_14,-28,-62,62
Schaefer2018_400Parcels_7Networks_order_FSLMNI152_2mm.cluster083,83,7Networks_LH_DorsAttn_Post_15,-8,-58,64
Schaefer2018_400Parcels_7Networks_order_FSLMNI152_2mm.cluster084,84,7Networks_LH_DorsAttn_Post_16,-20,-56,66
Schaefer2018_400Parcels_7Networks_order_FSLMNI152_2mm.cluster085,85,7Networks_LH_DorsAttn_Post_17,-14,-50,72
Schaefer2018_400Parcels_7Networks_order_FSLMNI152_2mm.cluster086,86,7Networks_LH_DorsAttn_FEF_1,-40,-2,52
Schaefer2018_400Parcels_7Networks_order_FSLMNI152_2mm.cluster087,87,7Networks_LH_DorsAttn_FEF_2,-26,0,56
Schaefer2018_400Parcels_7Networks_order_FSLMNI152_2mm.cluster088,88,7Networks_LH_DorsAttn_FEF_3,-30,-8,52
Schaefer2018_400Parcels_7Networks_order_FSLMNI152_2mm.cluster089,89,7Networks_LH_DorsAttn_FEF_4,-22,6,64
Schaefer2018_400Parcels_7Networks_order_FSLMNI152_2mm.cluster090,90,7Networks_LH_DorsAttn_PrCv_1,-50,6,26
Schaefer2018_400Parcels_7Networks_order_FSLMNI152_2mm.cluster091,91,7Networks_LH_DorsAttn_PrCv_2,-50,2,38
Schaefer2018_400Parcels_7Networks_order_FSLMNI152_2mm.cluster092,92,7Networks_LH_SalVentAttn_ParOper_1,-54,-32,22
Schaefer2018_400Parcels_7Networks_order_FSLMNI152_2mm.cluster093,93,7Networks_LH_SalVentAttn_ParOper_2,-58,-44,28
Schaefer2018_400Parcels_7Networks_order_FSLMNI152_2mm.cluster094,94,7Networks_LH_SalVentAttn_ParOper_3,-62,-24,32
Schaefer2018_400Parcels_7Networks_order_FSLMNI152_2mm.cluster095,95,7Networks_LH_SalVentAttn_ParOper_4,-62,-36,34
Schaefer2018_400Parcels_7Networks_order_FSLMNI152_2mm.cluster096,96,7Networks_LH_SalVentAttn_TempOcc_1,-58,-54,10
Schaefer2018_400Parcels_7Networks_order_FSLMNI152_2mm.cluster097,97,7Networks_LH_SalVentAttn_FrOperIns_1,-44,6,-16
Schaefer2018_400Parcels_7Networks_order_FSLMNI152_2mm.cluster098,98,7Networks_LH_SalVentAttn_FrOperIns_2,-38,2,-4
Schaefer2018_400Parcels_7Networks_order_FSLMNI152_2mm.cluster099,99,7Networks_LH_SalVentAttn_FrOperIns_3,-32,24,0
Schaefer2018_400Parcels_7Networks_order_FSLMNI152_2mm.cluster100,100,7Networks_LH_SalVentAttn_FrOperIns_4,-40,-14,-2
Schaefer2018_400Parcels_7Networks_order_FSLMNI152_2mm.cluster101,101,7Networks_LH_SalVentAttn_FrOperIns_5,-32,18,8
Schaefer2018_400Parcels_7Networks_order_FSLMNI152_2mm.cluster102,102,7Networks_LH_SalVentAttn_FrOperIns_6,-36,4,10
Schaefer2018_400Parcels_7Networks_order_FSLMNI152_2mm.cluster103,103,7Networks_LH_SalVentAttn_FrOperIns_7,-44,12,2
Schaefer2018_400Parcels_7Networks_order_FSLMNI152_2mm.cluster104,104,7Networks_LH_SalVentAttn_FrOperIns_8,-50,2,4
Schaefer2018_400Parcels_7Networks_order_FSLMNI152_2mm.cluster105,105,7Networks_LH_SalVentAttn_FrOperIns_9,-52,8,14
Schaefer2018_400Parcels_7Networks_order_FSLMNI152_2mm.cluster106,106,7Networks_LH_SalVentAttn_PFCl_1,-28,44,30
Schaefer2018_400Parcels_7Networks_order_FSLMNI152_2mm.cluster107,107,7Networks_LH_SalVentAttn_Med_1,-6,22,32
Schaefer2018_400Parcels_7Networks_order_FSLMNI152_2mm.cluster108,108,7Networks_LH_SalVentAttn_Med_2,-6,0,40
Schaefer2018_400Parcels_7Networks_order_FSLMNI152_2mm.cluster109,109,7Networks_LH_SalVentAttn_Med_3,-12,-28,42
Schaefer2018_400Parcels_7Networks_order_FSLMNI152_2mm.cluster110,110,7Networks_LH_SalVentAttn_Med_4,-6,10,48
Schaefer2018_400Parcels_7Networks_order_FSLMNI152_2mm.cluster111,111,7Networks_LH_SalVentAttn_Med_5,-12,-42,48
Schaefer2018_400Parcels_7Networks_order_FSLMNI152_2mm.cluster112,112,7Networks_LH_SalVentAttn_Med_6,-6,-48,56
Schaefer2018_400Parcels_7Networks_order_FSLMNI152_2mm.cluster113,113,7Networks_LH_SalVentAttn_Med_7,-8,-2,70
Schaefer2018_400Parcels_7Networks_order_FSLMNI152_2mm.cluster114,114,7Networks_LH_Limbic_OFC_1,-12,24,-20
Schaefer2018_400Parcels_7Networks_order_FSLMNI152_2mm.cluster115,115,7Networks_LH_Limbic_OFC_2,-24,22,-20
Schaefer2018_400Parcels_7Networks_order_FSLMNI152_2mm.cluster116,116,7Networks_LH_Limbic_OFC_3,-10,48,-22
Schaefer2018_400Parcels_7Networks_order_FSLMNI152_2mm.cluster117,117,7Networks_LH_Limbic_OFC_4,-4,24,-20
Schaefer2018_400Parcels_7Networks_order_FSLMNI152_2mm.cluster118,118,7Networks_LH_Limbic_OFC_5,-16,64,-8
Schaefer2018_400Parcels_7Networks_order_FSLMNI152_2mm.cluster119,119,7Networks_LH_Limbic_TempPole_1,-38,-6,-42
Schaefer2018_400Parcels_7Networks_order_FSLMNI152_2mm.cluster120,120,7Networks_LH_Limbic_TempPole_2,-24,6,-40
Schaefer2018_400Parcels_7Networks_order_FSLMNI152_2mm.cluster121,121,7Networks_LH_Limbic_TempPole_3,-26,-10,-32
Schaefer2018_400Parcels_7Networks_order_FSLMNI152_2mm.cluster122,122,7Networks_LH_Limbic_TempPole_4,-54,-22,-30
Schaefer2018_400Parcels_7Networks_order_FSLMNI152_2mm.cluster123,123,7Networks_LH_Limbic_TempPole_5,-40,-22,-26
Schaefer2018_400Parcels_7Networks_order_FSLMNI152_2mm.cluster124,124,7Networks_LH_Limbic_TempPole_6,-44,12,-34
Schaefer2018_400Parcels_7Networks_order_FSLMNI152_2mm.cluster125,125,7Networks_LH_Limbic_TempPole_7,-32,12,-30
Schaefer2018_400Parcels_7Networks_order_FSLMNI152_2mm.cluster126,126,7Networks_LH_Limbic_TempPole_8,-20,-20,-26
Schaefer2018_400Parcels_7Networks_order_FSLMNI152_2mm.cluster127,127,7Networks_LH_Cont_Par_1,-28,-74,42
Schaefer2018_400Parcels_7Networks_order_FSLMNI152_2mm.cluster128,128,7Networks_LH_Cont_Par_2,-58,-42,46
Schaefer2018_400Parcels_7Networks_order_FSLMNI152_2mm.cluster129,129,7Networks_LH_Cont_Par_3,-54,-50,44
Schaefer2018_400Parcels_7Networks_order_FSLMNI152_2mm.cluster130,130,7Networks_LH_Cont_Par_4,-34,-62,48
Schaefer2018_400Parcels_7Networks_order_FSLMNI152_2mm.cluster131,131,7Networks_LH_Cont_Par_5,-42,-52,48
Schaefer2018_400Parcels_7Networks_order_FSLMNI152_2mm.cluster132,132,7Networks_LH_Cont_Par_6,-44,-42,46
Schaefer2018_400Parcels_7Networks_order_FSLMNI152_2mm.cluster133,133,7Networks_LH_Cont_Temp_1,-60,-48,-10
Schaefer2018_400Parcels_7Networks_order_FSLMNI152_2mm.cluster134,134,7Networks_LH_Cont_OFC_1,-26,50,-14
Schaefer2018_400Parcels_7Networks_order_FSLMNI152_2mm.cluster135,135,7Networks_LH_Cont_PFCl_1,-42,48,-6
Schaefer2018_400Parcels_7Networks_order_FSLMNI152_2mm.cluster136,136,7Networks_LH_Cont_PFCl_2,-48,36,10
Schaefer2018_400Parcels_7Networks_order_FSLMNI152_2mm.cluster137,137,7Networks_LH_Cont_PFCl_3,-38,50,10
Schaefer2018_400Parcels_7Networks_order_FSLMNI152_2mm.cluster138,138,7Networks_LH_Cont_PFCl_4,-28,56,12
Schaefer2018_400Parcels_7Networks_order_FSLMNI152_2mm.cluster139,139,7Networks_LH_Cont_PFCl_5,-42,38,22
Schaefer2018_400Parcels_7Networks_order_FSLMNI152_2mm.cluster140,140,7Networks_LH_Cont_PFCl_6,-44,20,26
Schaefer2018_400Parcels_7Networks_order_FSLMNI152_2mm.cluster141,141,7Networks_LH_Cont_PFCl_7,-40,8,34
Schaefer2018_400Parcels_7Networks_order_FSLMNI152_2mm.cluster142,142,7Networks_LH_Cont_PFCl_8,-36,32,38
Schaefer2018_400Parcels_7Networks_order_FSLMNI152_2mm.cluster143,143,7Networks_LH_Cont_PFCv_1,-34,16,-8
Schaefer2018_400Parcels_7Networks_order_FSLMNI152_2mm.cluster144,144,7Networks_LH_Cont_pCun_1,-10,-78,46
Schaefer2018_400Parcels_7Networks_order_FSLMNI152_2mm.cluster145,145,7Networks_LH_Cont_pCun_2,-4,-64,52
Schaefer2018_400Parcels_7Networks_order_FSLMNI152_2mm.cluster146,146,7Networks_LH_Cont_Cing_1,-4,6,28
Schaefer2018_400Parcels_7Networks_order_FSLMNI152_2mm.cluster147,147,7Networks_LH_Cont_Cing_2,-4,-22,30
Schaefer2018_400Parcels_7Networks_order_FSLMNI152_2mm.cluster148,148,7Networks_LH_Cont_PFCmp_1,-4,28,48
Schaefer2018_400Parcels_7Networks_order_FSLMNI152_2mm.cluster149,149,7Networks_LH_Default_Temp_1,-54,-2,-30
Schaefer2018_400Parcels_7Networks_order_FSLMNI152_2mm.cluster150,150,7Networks_LH_Default_Temp_2,-62,-18,-20
Schaefer2018_400Parcels_7Networks_order_FSLMNI152_2mm.cluster151,151,7Networks_LH_Default_Temp_3,-60,-36,-18
Schaefer2018_400Parcels_7Networks_order_FSLMNI152_2mm.cluster152,152,7Networks_LH_Default_Temp_4,-56,-8,-14
Schaefer2018_400Parcels_7Networks_order_FSLMNI152_2mm.cluster153,153,7Networks_LH_Default_Temp_5,-52,6,-12
Schaefer2018_400Parcels_7Networks_order_FSLMNI152_2mm.cluster154,154,7Networks_LH_Default_Temp_6,-60,-34,-4
Schaefer2018_400Parcels_7Networks_order_FSLMNI152_2mm.cluster155,155,7Networks_LH_Default_Temp_7,-52,-22,-6
Schaefer2018_400Parcels_7Networks_order_FSLMNI152_2mm.cluster156,156,7Networks_LH_Default_Temp_8,-60,-12,-2
Schaefer2018_400Parcels_7Networks_order_FSLMNI152_2mm.cluster157,157,7Networks_LH_Default_Temp_9,-62,-32,6
Schaefer2018_400Parcels_7Networks_order_FSLMNI152_2mm.cluster158,158,7Networks_LH_Default_Temp_10,-52,-44,4
Schaefer2018_400Parcels_7Networks_order_FSLMNI152_2mm.cluster159,159,7Networks_LH_Default_Par_1,-58,-48,16
Schaefer2018_400Parcels_7Networks_order_FSLMNI152_2mm.cluster160,160,7Networks_LH_Default_Par_2,-46,-58,20
Schaefer2018_400Parcels_7Networks_order_FSLMNI152_2mm.cluster161,161,7Networks_LH_Default_Par_3,-40,-78,30
Schaefer2018_400Parcels_7Networks_order_FSLMNI152_2mm.cluster162,162,7Networks_LH_Default_Par_4,-48,-64,32
Schaefer2018_400Parcels_7Networks_order_FSLMNI152_2mm.cluster163,163,7Networks_LH_Default_Par_5,-56,-54,30
Schaefer2018_400Parcels_7Networks_order_FSLMNI152_2mm.cluster164,164,7Networks_LH_Default_Par_6,-42,-72,44
Schaefer2018_400Parcels_7Networks_order_FSLMNI152_2mm.cluster165,165,7Networks_LH_Default_Par_7,-48,-60,46
Schaefer2018_400Parcels_7Networks_order_FSLMNI152_2mm.cluster166,166,7Networks_LH_Default_PFC_1,-36,22,-16
Schaefer2018_400Parcels_7Networks_order_FSLMNI152_2mm.cluster167,167,7Networks_LH_Default_PFC_2,-36,36,-12
Schaefer2018_400Parcels_7Networks_order_FSLMNI152_2mm.cluster168,168,7Networks_LH_Default_PFC_3,-4,56,-10
Schaefer2018_400Parcels_7Networks_order_FSLMNI152_2mm.cluster169,169,7Networks_LH_Default_PFC_4,-6,36,-8
Schaefer2018_400Parcels_7Networks_order_FSLMNI152_2mm.cluster170,170,7Networks_LH_Default_PFC_5,-46,32,-10
Schaefer2018_400Parcels_7Networks_order_FSLMNI152_2mm.cluster171,171,7Networks_LH_Default_PFC_6,-28,58,0
Schaefer2018_400Parcels_7Networks_order_FSLMNI152_2mm.cluster172,172,7Networks_LH_Default_PFC_7,-48,28,0
Schaefer2018_400Parcels_7Networks_order_FSLMNI152_2mm.cluster173,173,7Networks_LH_Default_PFC_8,-6,60,6
Schaefer2018_400Parcels_7Networks_order_FSLMNI152_2mm.cluster174,174,7Networks_LH_Default_PFC_9,-6,44,6
Schaefer2018_400Parcels_7Networks_order_FSLMNI152_2mm.cluster175,175,7Networks_LH_Default_PFC_10,-54,20,12
Schaefer2018_400Parcels_7Networks_order_FSLMNI152_2mm.cluster176,176,7Networks_LH_Default_PFC_11,-16,68,8
Schaefer2018_400Parcels_7Networks_order_FSLMNI152_2mm.cluster177,177,7Networks_LH_Default_PFC_12,-6,34,20
Schaefer2018_400Parcels_7Networks_order_FSLMNI152_2mm.cluster178,178,7Networks_LH_Default_PFC_13,-4,52,28
Schaefer2018_400Parcels_7Networks_order_FSLMNI152_2mm.cluster179,179,7Networks_LH_Default_PFC_14,-14,58,30
Schaefer2018_400Parcels_7Networks_order_FSLMNI152_2mm.cluster180,180,7Networks_LH_Default_PFC_15,-22,50,32
Schaefer2018_400Parcels_7Networks_order_FSLMNI152_2mm.cluster181,181,7Networks_LH_Default_PFC_16,-24,28,44
Schaefer2018_400Parcels_7Networks_order_FSLMNI152_2mm.cluster182,182,7Networks_LH_Default_PFC_17,-40,20,48
Schaefer2018_400Parcels_7Networks_order_FSLMNI152_2mm.cluster183,183,7Networks_LH_Default_PFC_18,-8,42,52
Schaefer2018_400Parcels_7Networks_order_FSLMNI152_2mm.cluster184,184,7Networks_LH_Default_PFC_19,-18,36,48
Schaefer2018_400Parcels_7Networks_order_FSLMNI152_2mm.cluster185,185,7Networks_LH_Default_PFC_20,-42,8,48
Schaefer2018_400Parcels_7Networks_order_FSLMNI152_2mm.cluster186,186,7Networks_LH_Default_PFC_21,-30,14,58
Schaefer2018_400Parcels_7Networks_order_FSLMNI152_2mm.cluster187,187,7Networks_LH_Default_PFC_22,-22,20,52
Schaefer2018_400Parcels_7Networks_order_FSLMNI152_2mm.cluster188,188,7Networks_LH_Default_PFC_23,-12,24,60
Schaefer2018_400Parcels_7Networks_order_FSLMNI152_2mm.cluster189,189,7Networks_LH_Default_PFC_24,-6,10,64
Schaefer2018_400Parcels_7Networks_order_FSLMNI152_2mm.cluster190,190,7Networks_LH_Default_pCunPCC_1,-8,-52,10
Schaefer2018_400Parcels_7Networks_order_FSLMNI152_2mm.cluster191,191,7Networks_LH_Default_pCunPCC_2,-14,-60,18
Schaefer2018_400Parcels_7Networks_order_FSLMNI152_2mm.cluster192,192,7Networks_LH_Default_pCunPCC_3,-4,-54,20
Schaefer2018_400Parcels_7Networks_order_FSLMNI152_2mm.cluster193,193,7Networks_LH_Default_pCunPCC_4,-6,-40,24
Schaefer2018_400Parcels_7Networks_order_FSLMNI152_2mm.cluster194,194,7Networks_LH_Default_pCunPCC_5,-10,-70,32
Schaefer2018_400Parcels_7Networks_order_FSLMNI152_2mm.cluster195,195,7Networks_LH_Default_pCunPCC_6,-6,-60,30
Schaefer2018_400Parcels_7Networks_order_FSLMNI152_2mm.cluster196,196,7Networks_LH_Default_pCunPCC_7,-8,-44,32
Schaefer2018_400Parcels_7Networks_order_FSLMNI152_2mm.cluster197,197,7Networks_LH_Default_pCunPCC_8,-4,-34,38
Schaefer2018_400Parcels_7Networks_order_FSLMNI152_2mm.cluster198,198,7Networks_LH_Default_pCunPCC_9,-2,-16,38
Schaefer2018_400Parcels_7Networks_order_FSLMNI152_2mm.cluster199,199,7Networks_LH_Default_pCunPCC_10,-2,-68,42
Schaefer2018_400Parcels_7Networks_order_FSLMNI152_2mm.cluster200,200,7Networks_LH_Default_pCunPCC_11,-6,-50,42
Schaefer2018_400Parcels_7Networks_order_FSLMNI152_2mm.cluster201,201,7Networks_RH_Vis_1,34,-36,-24
Schaefer2018_400Parcels_7Networks_order_FSLMNI152_2mm.cluster202,202,7Networks_RH_Vis_2,30,-30,-18
Schaefer2018_400Parcels_7Networks_order_FSLMNI152_2mm.cluster203,203,7Networks_RH_Vis_3,36,-54,-18
Schaefer2018_400Parcels_7Networks_order_FSLMNI152_2mm.cluster204,204,7Networks_RH_Vis_4,38,-74,-16
Schaefer2018_400Parcels_7Networks_order_FSLMNI152_2mm.cluster205,205,7Networks_RH_Vis_5,26,-52,-8
Schaefer2018_400Parcels_7Networks_order_FSLMNI152_2mm.cluster206,206,7Networks_RH_Vis_6,24,-74,-10
Schaefer2018_400Parcels_7Networks_order_FSLMNI152_2mm.cluster207,207,7Networks_RH_Vis_7,18,-36,-12
Schaefer2018_400Parcels_7Networks_order_FSLMNI152_2mm.cluster208,208,7Networks_RH_Vis_8,20,-88,-12
Schaefer2018_400Parcels_7Networks_order_FSLMNI152_2mm.cluster209,209,7Networks_RH_Vis_9,50,-64,-10
Schaefer2018_400Parcels_7Networks_order_FSLMNI152_2mm.cluster210,210,7Networks_RH_Vis_10,42,-84,-12
Schaefer2018_400Parcels_7Networks_order_FSLMNI152_2mm.cluster211,211,7Networks_RH_Vis_11,10,-72,-6
Schaefer2018_400Parcels_7Networks_order_FSLMNI152_2mm.cluster212,212,7Networks_RH_Vis_12,14,-58,-4
Schaefer2018_400Parcels_7Networks_order_FSLMNI152_2mm.cluster213,213,7Networks_RH_Vis_13,26,-96,-10
Schaefer2018_400Parcels_7Networks_order_FSLMNI152_2mm.cluster214,214,7Networks_RH_Vis_14,18,-44,-2
Schaefer2018_400Parcels_7Networks_order_FSLMNI152_2mm.cluster215,215,7Networks_RH_Vis_15,8,-92,-2
Schaefer2018_400Parcels_7Networks_order_FSLMNI152_2mm.cluster216,216,7Networks_RH_Vis_16,48,-66,4
Schaefer2018_400Parcels_7Networks_order_FSLMNI152_2mm.cluster217,217,7Networks_RH_Vis_17,14,-46,4
Schaefer2018_400Parcels_7Networks_order_FSLMNI152_2mm.cluster218,218,7Networks_RH_Vis_18,36,-88,2
Schaefer2018_400Parcels_7Networks_order_FSLMNI152_2mm.cluster219,219,7Networks_RH_Vis_19,10,-74,8
Schaefer2018_400Parcels_7Networks_order_FSLMNI152_2mm.cluster220,220,7Networks_RH_Vis_20,22,-60,6
Schaefer2018_400Parcels_7Networks_order_FSLMNI152_2mm.cluster221,221,7Networks_RH_Vis_21,24,-98,8
Schaefer2018_400Parcels_7Networks_order_FSLMNI152_2mm.cluster222,222,7Networks_RH_Vis_22,44,-78,10
Schaefer2018_400Parcels_7Networks_order_FSLMNI152_2mm.cluster223,223,7Networks_RH_Vis_23,12,-94,18
Schaefer2018_400Parcels_7Networks_order_FSLMNI152_2mm.cluster224,224,7Networks_RH_Vis_24,16,-66,18
Schaefer2018_400Parcels_7Networks_order_FSLMNI152_2mm.cluster225,225,7Networks_RH_Vis_25,4,-80,24
Schaefer2018_400Parcels_7Networks_order_FSLMNI152_2mm.cluster226,226,7Networks_RH_Vis_26,28,-88,20
Schaefer2018_400Parcels_7Networks_order_FSLMNI152_2mm.cluster227,227,7Networks_RH_Vis_27,36,-78,24
Schaefer2018_400Parcels_7Networks_order_FSLMNI152_2mm.cluster228,228,7Networks_RH_Vis_28,14,-78,34
Schaefer2018_400Parcels_7Networks_order_FSLMNI152_2mm.cluster229,229,7Networks_RH_Vis_29,16,-86,36
Schaefer2018_400Parcels_7Networks_order_FSLMNI152_2mm.cluster230,230,7Networks_RH_Vis_30,30,-78,36
Schaefer2018_400Parcels_7Networks_order_FSLMNI152_2mm.cluster231,231,7Networks_RH_SomMot_1,52,4,-6
Schaefer2018_400Parcels_7Networks_order_FSLMNI152_2mm.cluster232,232,7Networks_RH_SomMot_2,62,-18,0
Schaefer2018_400Parcels_7Networks_order_FSLMNI152_2mm.cluster233,233,7Networks_RH_SomMot_3,54,-14,6
Schaefer2018_400Parcels_7Networks_order_FSLMNI152_2mm.cluster234,234,7Networks_RH_SomMot_4,40,-20,4
Schaefer2018_400Parcels_7Networks_order_FSLMNI152_2mm.cluster235,235,7Networks_RH_SomMot_5,38,-8,14
Schaefer2018_400Parcels_7Networks_order_FSLMNI152_2mm.cluster236,236,7Networks_RH_SomMot_6,34,-22,14
Schaefer2018_400Parcels_7Networks_order_FSLMNI152_2mm.cluster237,237,7Networks_RH_SomMot_7,60,-24,10
Schaefer2018_400Parcels_7Networks_order_FSLMNI152_2mm.cluster238,238,7Networks_RH_SomMot_8,64,-34,10
Schaefer2018_400Parcels_7Networks_order_FSLMNI152_2mm.cluster239,239,7Networks_RH_SomMot_9,42,-14,18
Schaefer2018_400Parcels_7Networks_order_FSLMNI152_2mm.cluster240,240,7Networks_RH_SomMot_10,42,-30,18
Schaefer2018_400Parcels_7Networks_order_FSLMNI152_2mm.cluster241,241,7Networks_RH_SomMot_11,50,-10,14
Schaefer2018_400Parcels_7Networks_order_FSLMNI152_2mm.cluster242,242,7Networks_RH_SomMot_12,60,0,10
Schaefer2018_400Parcels_7Networks_order_FSLMNI152_2mm.cluster243,243,7Networks_RH_SomMot_13,48,-22,18
Schaefer2018_400Parcels_7Networks_order_FSLMNI152_2mm.cluster244,244,7Networks_RH_SomMot_14,62,-12,16
Schaefer2018_400Parcels_7Networks_order_FSLMNI152_2mm.cluster245,245,7Networks_RH_SomMot_15,60,6,30
Schaefer2018_400Parcels_7Networks_order_FSLMNI152_2mm.cluster246,246,7Networks_RH_SomMot_16,60,-6,26
Schaefer2018_400Parcels_7Networks_order_FSLMNI152_2mm.cluster247,247,7Networks_RH_SomMot_17,62,-14,30
Schaefer2018_400Parcels_7Networks_order_FSLMNI152_2mm.cluster248,248,7Networks_RH_SomMot_18,52,-6,38
Schaefer2018_400Parcels_7Networks_order_FSLMNI152_2mm.cluster249,249,7Networks_RH_SomMot_19,54,-16,40
Schaefer2018_400Parcels_7Networks_order_FSLMNI152_2mm.cluster250,250,7Networks_RH_SomMot_20,12,-18,42
Schaefer2018_400Parcels_7Networks_order_FSLMNI152_2mm.cluster251,251,7Networks_RH_SomMot_21,52,-12,50
Schaefer2018_400Parcels_7Networks_order_FSLMNI152_2mm.cluster252,252,7Networks_RH_SomMot_22,44,-10,48
Schaefer2018_400Parcels_7Networks_order_FSLMNI152_2mm.cluster253,253,7Networks_RH_SomMot_23,50,-26,56
Schaefer2018_400Parcels_7Networks_order_FSLMNI152_2mm.cluster254,254,7Networks_RH_SomMot_24,6,-10,52
Schaefer2018_400Parcels_7Networks_order_FSLMNI152_2mm.cluster255,255,7Networks_RH_SomMot_25,44,-22,54
Schaefer2018_400Parcels_7Networks_order_FSLMNI152_2mm.cluster256,256,7Networks_RH_SomMot_26,38,-20,64
Schaefer2018_400Parcels_7Networks_order_FSLMNI152_2mm.cluster257,257,7Networks_RH_SomMot_27,32,-34,64
Schaefer2018_400Parcels_7Networks_order_FSLMNI152_2mm.cluster258,258,7Networks_RH_SomMot_28,30,-40,64
Schaefer2018_400Parcels_7Networks_order_FSLMNI152_2mm.cluster259,259,7Networks_RH_SomMot_29,34,-28,62
Schaefer2018_400Parcels_7Networks_order_FSLMNI152_2mm.cluster260,260,7Networks_RH_SomMot_30,4,-24,58
Schaefer2018_400Parcels_7Networks_order_FSLMNI152_2mm.cluster261,261,7Networks_RH_SomMot_31,28,-10,64
Schaefer2018_400Parcels_7Networks_order_FSLMNI152_2mm.cluster262,262,7Networks_RH_SomMot_32,10,-40,68
Schaefer2018_400Parcels_7Networks_order_FSLMNI152_2mm.cluster263,263,7Networks_RH_SomMot_33,22,-24,66
Schaefer2018_400Parcels_7Networks_order_FSLMNI152_2mm.cluster264,264,7Networks_RH_SomMot_34,22,-28,68
Schaefer2018_400Parcels_7Networks_order_FSLMNI152_2mm.cluster265,265,7Networks_RH_SomMot_35,22,-34,70
Schaefer2018_400Parcels_7Networks_order_FSLMNI152_2mm.cluster266,266,7Networks_RH_SomMot_36,16,-6,70
Schaefer2018_400Parcels_7Networks_order_FSLMNI152_2mm.cluster267,267,7Networks_RH_SomMot_37,16,-46,74
Schaefer2018_400Parcels_7Networks_order_FSLMNI152_2mm.cluster268,268,7Networks_RH_SomMot_38,6,-22,72
Schaefer2018_400Parcels_7Networks_order_FSLMNI152_2mm.cluster269,269,7Networks_RH_SomMot_39,16,-18,74
Schaefer2018_400Parcels_7Networks_order_FSLMNI152_2mm.cluster270,270,7Networks_RH_SomMot_40,12,-32,76
Schaefer2018_400Parcels_7Networks_order_FSLMNI152_2mm.cluster271,271,7Networks_RH_DorsAttn_Post_1,50,-50,-18
Schaefer2018_400Parcels_7Networks_order_FSLMNI152_2mm.cluster272,272,7Networks_RH_DorsAttn_Post_2,60,-54,-2
Schaefer2018_400Parcels_7Networks_order_FSLMNI152_2mm.cluster273,273,7Networks_RH_DorsAttn_Post_3,54,-56,12
Schaefer2018_400Parcels_7Networks_order_FSLMNI152_2mm.cluster274,274,7Networks_RH_DorsAttn_Post_4,46,-76,30
Schaefer2018_400Parcels_7Networks_order_FSLMNI152_2mm.cluster275,275,7Networks_RH_DorsAttn_Post_5,32,-66,36
Schaefer2018_400Parcels_7Networks_order_FSLMNI152_2mm.cluster276,276,7Networks_RH_DorsAttn_Post_6,58,-22,44
Schaefer2018_400Parcels_7Networks_order_FSLMNI152_2mm.cluster277,277,7Networks_RH_DorsAttn_Post_7,18,-78,50
Schaefer2018_400Parcels_7Networks_order_FSLMNI152_2mm.cluster278,278,7Networks_RH_DorsAttn_Post_8,44,-38,50
Schaefer2018_400Parcels_7Networks_order_FSLMNI152_2mm.cluster279,279,7Networks_RH_DorsAttn_Post_9,46,-28,42
Schaefer2018_400Parcels_7Networks_order_FSLMNI152_2mm.cluster280,280,7Networks_RH_DorsAttn_Post_10,30,-64,52
Schaefer2018_400Parcels_7Networks_order_FSLMNI152_2mm.cluster281,281,7Networks_RH_DorsAttn_Post_11,36,-44,44
Schaefer2018_400Parcels_7Networks_order_FSLMNI152_2mm.cluster282,282,7Networks_RH_DorsAttn_Post_12,20,-68,52
Schaefer2018_400Parcels_7Networks_order_FSLMNI152_2mm.cluster283,283,7Networks_RH_DorsAttn_Post_13,36,-36,52
Schaefer2018_400Parcels_7Networks_order_FSLMNI152_2mm.cluster284,284,7Networks_RH_DorsAttn_Post_14,34,-50,54
Schaefer2018_400Parcels_7Networks_order_FSLMNI152_2mm.cluster285,285,7Networks_RH_DorsAttn_Post_15,8,-72,52
Schaefer2018_400Parcels_7Networks_order_FSLMNI152_2mm.cluster286,286,7Networks_RH_DorsAttn_Post_16,26,-58,60
Schaefer2018_400Parcels_7Networks_order_FSLMNI152_2mm.cluster287,287,7Networks_RH_DorsAttn_Post_17,8,-54,60
Schaefer2018_400Parcels_7Networks_order_FSLMNI152_2mm.cluster288,288,7Networks_RH_DorsAttn_Post_18,14,-64,64
Schaefer2018_400Parcels_7Networks_order_FSLMNI152_2mm.cluster289,289,7Networks_RH_DorsAttn_Post_19,24,-50,68
Schaefer2018_400Parcels_7Networks_order_FSLMNI152_2mm.cluster290,290,7Networks_RH_DorsAttn_FEF_1,40,-4,52
Schaefer2018_400Parcels_7Networks_order_FSLMNI152_2mm.cluster291,291,7Networks_RH_DorsAttn_FEF_2,28,-4,52
Schaefer2018_400Parcels_7Networks_order_FSLMNI152_2mm.cluster292,292,7Networks_RH_DorsAttn_FEF_3,24,-2,64
Schaefer2018_400Parcels_7Networks_order_FSLMNI152_2mm.cluster293,293,7Networks_RH_DorsAttn_PrCv_1,48,8,24
Schaefer2018_400Parcels_7Networks_order_FSLMNI152_2mm.cluster294,294,7Networks_RH_SalVentAttn_TempOccPar_1,60,-46,6
Schaefer2018_400Parcels_7Networks_order_FSLMNI152_2mm.cluster295,295,7Networks_RH_SalVentAttn_TempOccPar_2,52,-40,12
Schaefer2018_400Parcels_7Networks_order_FSLMNI152_2mm.cluster296,296,7Networks_RH_SalVentAttn_TempOccPar_3,62,-40,22
Schaefer2018_400Parcels_7Networks_order_FSLMNI152_2mm.cluster297,297,7Networks_RH_SalVentAttn_TempOccPar_4,58,-32,24
Schaefer2018_400Parcels_7Networks_order_FSLMNI152_2mm.cluster298,298,7Networks_RH_SalVentAttn_TempOccPar_5,60,-22,22
Schaefer2018_400Parcels_7Networks_order_FSLMNI152_2mm.cluster299,299,7Networks_RH_SalVentAttn_TempOccPar_6,62,-26,38
Schaefer2018_400Parcels_7Networks_order_FSLMNI152_2mm.cluster300,300,7Networks_RH_SalVentAttn_TempOccPar_7,62,-38,36
Schaefer2018_400Parcels_7Networks_order_FSLMNI152_2mm.cluster301,301,7Networks_RH_SalVentAttn_PrC_1,52,4,40
Schaefer2018_400Parcels_7Networks_order_FSLMNI152_2mm.cluster302,302,7Networks_RH_SalVentAttn_FrOperIns_1,40,6,-16
Schaefer2018_400Parcels_7Networks_order_FSLMNI152_2mm.cluster303,303,7Networks_RH_SalVentAttn_FrOperIns_2,40,8,-2
Schaefer2018_400Parcels_7Networks_order_FSLMNI152_2mm.cluster304,304,7Networks_RH_SalVentAttn_FrOperIns_3,40,-10,-4
Schaefer2018_400Parcels_7Networks_order_FSLMNI152_2mm.cluster305,305,7Networks_RH_SalVentAttn_FrOperIns_4,40,-2,6
Schaefer2018_400Parcels_7Networks_order_FSLMNI152_2mm.cluster306,306,7Networks_RH_SalVentAttn_FrOperIns_5,36,22,4
Schaefer2018_400Parcels_7Networks_order_FSLMNI152_2mm.cluster307,307,7Networks_RH_SalVentAttn_FrOperIns_6,38,8,10
Schaefer2018_400Parcels_7Networks_order_FSLMNI152_2mm.cluster308,308,7Networks_RH_SalVentAttn_FrOperIns_7,48,4,4
Schaefer2018_400Parcels_7Networks_order_FSLMNI152_2mm.cluster309,309,7Networks_RH_SalVentAttn_FrOperIns_8,54,12,12
Schaefer2018_400Parcels_7Networks_order_FSLMNI152_2mm.cluster310,310,7Networks_RH_SalVentAttn_PFCl_1,32,44,28
Schaefer2018_400Parcels_7Networks_order_FSLMNI152_2mm.cluster311,311,7Networks_RH_SalVentAttn_Med_1,8,18,36
Schaefer2018_400Parcels_7Networks_order_FSLMNI152_2mm.cluster312,312,7Networks_RH_SalVentAttn_Med_2,8,2,42
Schaefer2018_400Parcels_7Networks_order_FSLMNI152_2mm.cluster313,313,7Networks_RH_SalVentAttn_Med_3,12,-34,42
Schaefer2018_400Parcels_7Networks_order_FSLMNI152_2mm.cluster314,314,7Networks_RH_SalVentAttn_Med_4,6,10,58
Schaefer2018_400Parcels_7Networks_order_FSLMNI152_2mm.cluster315,315,7Networks_RH_SalVentAttn_Med_5,10,-44,54
Schaefer2018_400Parcels_7Networks_order_FSLMNI152_2mm.cluster316,316,7Networks_RH_SalVentAttn_Med_6,10,-32,50
Schaefer2018_400Parcels_7Networks_order_FSLMNI152_2mm.cluster317,317,7Networks_RH_SalVentAttn_Med_7,6,-2,66
Schaefer2018_400Parcels_7Networks_order_FSLMNI152_2mm.cluster318,318,7Networks_RH_SalVentAttn_Med_8,16,6,70
Schaefer2018_400Parcels_7Networks_order_FSLMNI152_2mm.cluster319,319,7Networks_RH_Limbic_OFC_1,14,24,-20
Schaefer2018_400Parcels_7Networks_order_FSLMNI152_2mm.cluster320,320,7Networks_RH_Limbic_OFC_2,22,22,-20
Schaefer2018_400Parcels_7Networks_order_FSLMNI152_2mm.cluster321,321,7Networks_RH_Limbic_OFC_3,8,46,-24
Schaefer2018_400Parcels_7Networks_order_FSLMNI152_2mm.cluster322,322,7Networks_RH_Limbic_OFC_4,20,42,-18
Schaefer2018_400Parcels_7Networks_order_FSLMNI152_2mm.cluster323,323,7Networks_RH_Limbic_OFC_5,4,22,-20
Schaefer2018_400Parcels_7Networks_order_FSLMNI152_2mm.cluster324,324,7Networks_RH_Limbic_OFC_6,10,62,-14
Schaefer2018_400Parcels_7Networks_order_FSLMNI152_2mm.cluster325,325,7Networks_RH_Limbic_TempPole_1,28,-2,-40
Schaefer2018_400Parcels_7Networks_order_FSLMNI152_2mm.cluster326,326,7Networks_RH_Limbic_TempPole_2,48,-6,-40
Schaefer2018_400Parcels_7Networks_order_FSLMNI152_2mm.cluster327,327,7Networks_RH_Limbic_TempPole_3,36,18,-38
Schaefer2018_400Parcels_7Networks_order_FSLMNI152_2mm.cluster328,328,7Networks_RH_Limbic_TempPole_4,40,-14,-32
Schaefer2018_400Parcels_7Networks_order_FSLMNI152_2mm.cluster329,329,7Networks_RH_Limbic_TempPole_5,28,12,-30
Schaefer2018_400Parcels_7Networks_order_FSLMNI152_2mm.cluster330,330,7Networks_RH_Limbic_TempPole_6,50,-28,-26
Schaefer2018_400Parcels_7Networks_order_FSLMNI152_2mm.cluster331,331,7Networks_RH_Limbic_TempPole_7,22,-18,-28
Schaefer2018_400Parcels_7Networks_order_FSLMNI152_2mm.cluster332,332,7Networks_RH_Cont_Par_1,54,-52,44
Schaefer2018_400Parcels_7Networks_order_FSLMNI152_2mm.cluster333,333,7Networks_RH_Cont_Par_2,56,-40,48
Schaefer2018_400Parcels_7Networks_order_FSLMNI152_2mm.cluster334,334,7Networks_RH_Cont_Par_3,36,-70,46
Schaefer2018_400Parcels_7Networks_order_FSLMNI152_2mm.cluster335,335,7Networks_RH_Cont_Par_4,54,-32,52
Schaefer2018_400Parcels_7Networks_order_FSLMNI152_2mm.cluster336,336,7Networks_RH_Cont_Par_5,46,-44,46
Schaefer2018_400Parcels_7Networks_order_FSLMNI152_2mm.cluster337,337,7Networks_RH_Cont_Par_6,42,-56,48
Schaefer2018_400Parcels_7Networks_order_FSLMNI152_2mm.cluster338,338,7Networks_RH_Cont_Temp_1,62,-28,-20
Schaefer2018_400Parcels_7Networks_order_FSLMNI152_2mm.cluster339,339,7Networks_RH_Cont_Temp_2,64,-42,-10
Schaefer2018_400Parcels_7Networks_order_FSLMNI152_2mm.cluster340,340,7Networks_RH_Cont_PFCv_1,34,22,-8
Schaefer2018_400Parcels_7Networks_order_FSLMNI152_2mm.cluster341,341,7Networks_RH_Cont_PFCl_1,28,54,-14
Schaefer2018_400Parcels_7Networks_order_FSLMNI152_2mm.cluster342,342,7Networks_RH_Cont_PFCl_2,42,50,-6
Schaefer2018_400Parcels_7Networks_order_FSLMNI152_2mm.cluster343,343,7Networks_RH_Cont_PFCl_3,28,60,2
Schaefer2018_400Parcels_7Networks_order_FSLMNI152_2mm.cluster344,344,7Networks_RH_Cont_PFCl_4,50,40,6
Schaefer2018_400Parcels_7Networks_order_FSLMNI152_2mm.cluster345,345,7Networks_RH_Cont_PFCl_5,42,46,14
Schaefer2018_400Parcels_7Networks_order_FSLMNI152_2mm.cluster346,346,7Networks_RH_Cont_PFCl_6,50,30,18
Schaefer2018_400Parcels_7Networks_order_FSLMNI152_2mm.cluster347,347,7Networks_RH_Cont_PFCl_7,48,18,24
Schaefer2018_400Parcels_7Networks_order_FSLMNI152_2mm.cluster348,348,7Networks_RH_Cont_PFCl_8,26,54,24
Schaefer2018_400Parcels_7Networks_order_FSLMNI152_2mm.cluster349,349,7Networks_RH_Cont_PFCl_9,48,28,28
Schaefer2018_400Parcels_7Networks_order_FSLMNI152_2mm.cluster350,350,7Networks_RH_Cont_PFCl_10,38,10,34
Schaefer2018_400Parcels_7Networks_order_FSLMNI152_2mm.cluster351,351,7Networks_RH_Cont_PFCl_11,38,34,38
Schaefer2018_400Parcels_7Networks_order_FSLMNI152_2mm.cluster352,352,7Networks_RH_Cont_PFCl_12,44,18,44
Schaefer2018_400Parcels_7Networks_order_FSLMNI152_2mm.cluster353,353,7Networks_RH_Cont_PFCl_13,42,6,50
Schaefer2018_400Parcels_7Networks_order_FSLMNI152_2mm.cluster354,354,7Networks_RH_Cont_PFCl_14,34,16,56
Schaefer2018_400Parcels_7Networks_order_FSLMNI152_2mm.cluster355,355,7Networks_RH_Cont_PFCl_15,24,10,58
Schaefer2018_400Parcels_7Networks_order_FSLMNI152_2mm.cluster356,356,7Networks_RH_Cont_pCun_1,14,-72,40
Schaefer2018_400Parcels_7Networks_order_FSLMNI152_2mm.cluster357,357,7Networks_RH_Cont_pCun_2,6,-64,44
Schaefer2018_400Parcels_7Networks_order_FSLMNI152_2mm.cluster358,358,7Networks_RH_Cont_Cing_1,6,-28,28
Schaefer2018_400Parcels_7Networks_order_FSLMNI152_2mm.cluster359,359,7Networks_RH_Cont_Cing_2,4,2,30
Schaefer2018_400Parcels_7Networks_order_FSLMNI152_2mm.cluster360,360,7Networks_RH_Cont_PFCmp_1,8,34,24
Schaefer2018_400Parcels_7Networks_order_FSLMNI152_2mm.cluster361,361,7Networks_RH_Cont_PFCmp_2,4,28,48
Schaefer2018_400Parcels_7Networks_order_FSLMNI152_2mm.cluster362,362,7Networks_RH_Default_Par_1,54,-46,20
Schaefer2018_400Parcels_7Networks_order_FSLMNI152_2mm.cluster363,363,7Networks_RH_Default_Par_2,48,-64,22
Schaefer2018_400Parcels_7Networks_order_FSLMNI152_2mm.cluster364,364,7Networks_RH_Default_Par_3,54,-54,26
Schaefer2018_400Parcels_7Networks_order_FSLMNI152_2mm.cluster365,365,7Networks_RH_Default_Par_4,56,-46,32
Schaefer2018_400Parcels_7Networks_order_FSLMNI152_2mm.cluster366,366,7Networks_RH_Default_Par_5,48,-64,42
Schaefer2018_400Parcels_7Networks_order_FSLMNI152_2mm.cluster367,367,7Networks_RH_Default_Temp_1,50,8,-32
Schaefer2018_400Parcels_7Networks_order_FSLMNI152_2mm.cluster368,368,7Networks_RH_Default_Temp_2,60,-8,-24
Schaefer2018_400Parcels_7Networks_order_FSLMNI152_2mm.cluster369,369,7Networks_RH_Default_Temp_3,48,16,-20
Schaefer2018_400Parcels_7Networks_order_FSLMNI152_2mm.cluster370,370,7Networks_RH_Default_Temp_4,54,-4,-14
Schaefer2018_400Parcels_7Networks_order_FSLMNI152_2mm.cluster371,371,7Networks_RH_Default_Temp_5,64,-24,-8
Schaefer2018_400Parcels_7Networks_order_FSLMNI152_2mm.cluster372,372,7Networks_RH_Default_Temp_6,48,-20,-8
Schaefer2018_400Parcels_7Networks_order_FSLMNI152_2mm.cluster373,373,7Networks_RH_Default_Temp_7,64,-38,0
Schaefer2018_400Parcels_7Networks_order_FSLMNI152_2mm.cluster374,374,7Networks_RH_Default_Temp_8,50,-34,2
Schaefer2018_400Parcels_7Networks_order_FSLMNI152_2mm.cluster375,375,7Networks_RH_Default_PFCv_1,34,22,-18
Schaefer2018_400Parcels_7Networks_order_FSLMNI152_2mm.cluster376,376,7Networks_RH_Default_PFCv_2,36,38,-14
Schaefer2018_400Parcels_7Networks_order_FSLMNI152_2mm.cluster377,377,7Networks_RH_Default_PFCv_3,48,32,-8
Schaefer2018_400Parcels_7Networks_order_FSLMNI152_2mm.cluster378,378,7Networks_RH_Default_PFCv_4,54,24,6
Schaefer2018_400Parcels_7Networks_order_FSLMNI152_2mm.cluster379,379,7Networks_RH_Default_PFCdPFCm_1,6,42,-10
Schaefer2018_400Parcels_7Networks_order_FSLMNI152_2mm.cluster380,380,7Networks_RH_Default_PFCdPFCm_2,10,66,0
Schaefer2018_400Parcels_7Networks_order_FSLMNI152_2mm.cluster381,381,7Networks_RH_Default_PFCdPFCm_3,8,42,4
Schaefer2018_400Parcels_7Networks_order_FSLMNI152_2mm.cluster382,382,7Networks_RH_Default_PFCdPFCm_4,8,54,12
Schaefer2018_400Parcels_7Networks_order_FSLMNI152_2mm.cluster383,383,7Networks_RH_Default_PFCdPFCm_5,18,64,16
Schaefer2018_400Parcels_7Networks_order_FSLMNI152_2mm.cluster384,384,7Networks_RH_Default_PFCdPFCm_6,6,26,18
Schaefer2018_400Parcels_7Networks_order_FSLMNI152_2mm.cluster385,385,7Networks_RH_Default_PFCdPFCm_7,6,58,30
Schaefer2018_400Parcels_7Networks_order_FSLMNI152_2mm.cluster386,386,7Networks_RH_Default_PFCdPFCm_8,16,52,36
Schaefer2018_400Parcels_7Networks_order_FSLMNI152_2mm.cluster387,387,7Networks_RH_Default_PFCdPFCm_9,4,44,40
Schaefer2018_400Parcels_7Networks_order_FSLMNI152_2mm.cluster388,388,7Networks_RH_Default_PFCdPFCm_10,26,34,38
Schaefer2018_400Parcels_7Networks_order_FSLMNI152_2mm.cluster389,389,7Networks_RH_Default_PFCdPFCm_11,14,38,52
Schaefer2018_400Parcels_7Networks_order_FSLMNI152_2mm.cluster390,390,7Networks_RH_Default_PFCdPFCm_12,24,26,50
Schaefer2018_400Parcels_7Networks_order_FSLMNI152_2mm.cluster391,391,7Networks_RH_Default_PFCdPFCm_13,12,20,62
Schaefer2018_400Parcels_7Networks_order_FSLMNI152_2mm.cluster392,392,7Networks_RH_Default_pCunPCC_1,12,-56,16
Schaefer2018_400Parcels_7Networks_order_FSLMNI152_2mm.cluster393,393,7Networks_RH_Default_pCunPCC_2,8,-44,20
Schaefer2018_400Parcels_7Networks_order_FSLMNI152_2mm.cluster394,394,7Networks_RH_Default_pCunPCC_3,16,-64,28
Schaefer2018_400Parcels_7Networks_order_FSLMNI152_2mm.cluster395,395,7Networks_RH_Default_pCunPCC_4,6,-52,24
Schaefer2018_400Parcels_7Networks_order_FSLMNI152_2mm.cluster396,396,7Networks_RH_Default_pCunPCC_5,4,-64,32
Schaefer2018_400Parcels_7Networks_order_FSLMNI152_2mm.cluster397,397,7Networks_RH_Default_pCunPCC_6,6,-38,34
Schaefer2018_400Parcels_7Networks_order_FSLMNI152_2mm.cluster398,398,7Networks_RH_Default_pCunPCC_7,4,-20,36
Schaefer2018_400Parcels_7Networks_order_FSLMNI152_2mm.cluster399,399,7Networks_RH_Default_pCunPCC_8,10,-52,36
Schaefer2018_400Parcels_7Networks_order_FSLMNI152_2mm.cluster400,400,7Networks_RH_Default_pCunPCC_9,8,-50,44
Tian_Subcortex_S3_3T.cluster001,,,,,
Tian_Subcortex_S3_3T.cluster002,,,,,
Tian_Subcortex_S3_3T.cluster003,,,,,
Tian_Subcortex_S3_3T.cluster004,,,,,
Tian_Subcortex_S3_3T.cluster005,,,,,
Tian_Subcortex_S3_3T.cluster006,,,,,
Tian_Subcortex_S3_3T.cluster007,,,,,
Tian_Subcortex_S3_3T.cluster008,,,,,
Tian_Subcortex_S3_3T.cluster009,,,,,
Tian_Subcortex_S3_3T.cluster010,,,,,
Tian_Subcortex_S3_3T.cluster011,,,,,
Tian_Subcortex_S3_3T.cluster012,,,,,
Tian_Subcortex_S3_3T.cluster013,,,,,
Tian_Subcortex_S3_3T.cluster014,,,,,
Tian_Subcortex_S3_3T.cluster015,,,,,
Tian_Subcortex_S3_3T.cluster016,,,,,
Tian_Subcortex_S3_3T.cluster017,,,,,
Tian_Subcortex_S3_3T.cluster018,,,,,
Tian_Subcortex_S3_3T.cluster019,,,,,
Tian_Subcortex_S3_3T.cluster020,,,,,
Tian_Subcortex_S3_3T.cluster021,,,,,
Tian_Subcortex_S3_3T.cluster022,,,,,
Tian_Subcortex_S3_3T.cluster023,,,,,
Tian_Subcortex_S3_3T.cluster024,,,,,
Tian_Subcortex_S3_3T.cluster025,,,,,
Tian_Subcortex_S3_3T.cluster026,,,,,
Tian_Subcortex_S3_3T.cluster027,,,,,
Tian_Subcortex_S3_3T.cluster028,,,,,
Tian_Subcortex_S3_3T.cluster029,,,,,
Tian_Subcortex_S3_3T.cluster030,,,,,
Tian_Subcortex_S3_3T.cluster031,,,,,
Tian_Subcortex_S3_3T.cluster032,,,,,
Tian_Subcortex_S3_3T.cluster033,,,,,
Tian_Subcortex_S3_3T.cluster034,,,,,
Tian_Subcortex_S3_3T.cluster035,,,,,
Tian_Subcortex_S3_3T.cluster036,,,,,
Tian_Subcortex_S3_3T.cluster037,,,,,
Tian_Subcortex_S3_3T.cluster038,,,,,
Tian_Subcortex_S3_3T.cluster039,,,,,
Tian_Subcortex_S3_3T.cluster040,,,,,
Tian_Subcortex_S3_3T.cluster041,,,,,
Tian_Subcortex_S3_3T.cluster042,,,,,
Tian_Subcortex_S3_3T.cluster043,,,,,
Tian_Subcortex_S3_3T.cluster044,,,,,
Tian_Subcortex_S3_3T.cluster045,,,,,
Tian_Subcortex_S3_3T.cluster046,,,,,
Tian_Subcortex_S3_3T.cluster047,,,,,
Tian_Subcortex_S3_3T.cluster048,,,,,
Tian_Subcortex_S3_3T.cluster049,,,,,
Tian_Subcortex_S3_3T.cluster050,,,,,
Tian_Subcortex_S4_3T.cluster001,,,,,
Tian_Subcortex_S4_3T.cluster002,,,,,
Tian_Subcortex_S4_3T.cluster003,,,,,
Tian_Subcortex_S4_3T.cluster004,,,,,
Tian_Subcortex_S4_3T.cluster005,,,,,
Tian_Subcortex_S4_3T.cluster006,,,,,
Tian_Subcortex_S4_3T.cluster007,,,,,
Tian_Subcortex_S4_3T.cluster008,,,,,
Tian_Subcortex_S4_3T.cluster009,,,,,
Tian_Subcortex_S4_3T.cluster010,,,,,
Tian_Subcortex_S4_3T.cluster011,,,,,
Tian_Subcortex_S4_3T.cluster012,,,,,
Tian_Subcortex_S4_3T.cluster013,,,,,
Tian_Subcortex_S4_3T.cluster014,,,,,
Tian_Subcortex_S4_3T.cluster015,,,,,
Tian_Subcortex_S4_3T.cluster016,,,,,
Tian_Subcortex_S4_3T.cluster017,,,,,
Tian_Subcortex_S4_3T.cluster018,,,,,
Tian_Subcortex_S4_3T.cluster019,,,,,
Tian_Subcortex_S4_3T.cluster020,,,,,
Tian_Subcortex_S4_3T.cluster021,,,,,
Tian_Subcortex_S4_3T.cluster022,,,,,
Tian_Subcortex_S4_3T.cluster023,,,,,
Tian_Subcortex_S4_3T.cluster024,,,,,
Tian_Subcortex_S4_3T.cluster025,,,,,
Tian_Subcortex_S4_3T.cluster026,,,,,
Tian_Subcortex_S4_3T.cluster027,,,,,
Tian_Subcortex_S4_3T.cluster028,,,,,
Tian_Subcortex_S4_3T.cluster029,,,,,
Tian_Subcortex_S4_3T.cluster030,,,,,
Tian_Subcortex_S4_3T.cluster031,,,,,
Tian_Subcortex_S4_3T.cluster032,,,,,
Tian_Subcortex_S4_3T.cluster033,,,,,
Tian_Subcortex_S4_3T.cluster034,,,,,
Tian_Subcortex_S4_3T.cluster035,,,,,
Tian_Subcortex_S4_3T.cluster036,,,,,
Tian_Subcortex_S4_3T.cluster037,,,,,
Tian_Subcortex_S4_3T.cluster038,,,,,
Tian_Subcortex_S4_3T.cluster039,,,,,
Tian_Subcortex_S4_3T.cluster040,,,,,
Tian_Subcortex_S4_3T.cluster041,,,,,
Tian_Subcortex_S4_3T.cluster042,,,,,
Tian_Subcortex_S4_3T.cluster043,,,,,
Tian_Subcortex_S4_3T.cluster044,,,,,
Tian_Subcortex_S4_3T.cluster045,,,,,
Tian_Subcortex_S4_3T.cluster046,,,,,
Tian_Subcortex_S4_3T.cluster047,,,,,
Tian_Subcortex_S4_3T.cluster048,,,,,
Tian_Subcortex_S4_3T.cluster049,,,,,
Tian_Subcortex_S4_3T.cluster050,,,,,
Tian_Subcortex_S4_3T.cluster051,,,,,
Tian_Subcortex_S4_3T.cluster052,,,,,
Tian_Subcortex_S4_3T.cluster053,,,,,
Tian_Subcortex_S4_3T.cluster054,,,,,
AAN_DR_MNI152_1mm_v1p0_20150630,,,,,
AAN_LC_MNI152_1mm_v1p0_20150630,,,,,
AAN_MRF_MNI152_1mm_v1p0_20150630,,,,,
AAN_MR_MNI152_1mm_v1p0_20150630,,,,,
AAN_PAG_MNI152_1mm_v1p0_20150630,,,,,
AAN_PBC_MNI152_1mm_v1p0_20150630,,,,,
AAN_PO_MNI152_1mm_v1p0_20150630,,,,,
AAN_PPN_MNI152_1mm_v1p0_20150630,,,,,
AAN_VTA_MNI152_1mm_v1p0_20150630,,,,,
OWN_DORSAL_dPAG_MNI152_1mm_v1_fsledit,,,,,
OWN_VENTRAL_vPAG_MNI152_1mm_v1_fsledit,,,,,
Serotonergic_Whole_from_HAAN,,,,,
summed_AAN_ROIs_bin_FILLED,,,,,
realignment,,,,,
scrubbing,,,,,
QC_timeseries,,,,,
Effect of rest,,,,,